timeStamp,elapsed,label,responseCode,responseMessage,threadName,dataType,success,failureMessage,bytes,sentBytes,grpThreads,allThreads,URL,Latency,IdleTime,Connect
1663778103917,1699,POST Sign In JSON,200,OK,Concurrency Thread Group-ThreadStarter 1-1,text,true,,841,292,1,1,https://qauto2.forstudy.space/api/auth/signin,1683,0,1090
1663778105741,100,GET cars,200,OK,Concurrency Thread Group-ThreadStarter 1-1,text,true,,3048,351,1,1,https://qauto2.forstudy.space/api/cars?user=7544,100,0,0
1663778106147,86,Add car,201,Created,Concurrency Thread Group-ThreadStarter 1-1,text,true,,532,429,1,1,https://qauto2.forstudy.space/api/cars,86,0,0
1663778106236,75,Remove Car,200,OK,Concurrency Thread Group-ThreadStarter 1-1,text,true,,335,369,1,1,https://qauto2.forstudy.space/api/cars/69486,75,0,0
1663778106314,85,Log Out,200,OK,Concurrency Thread Group-ThreadStarter 1-1,text,true,,497,348,1,1,https://qauto2.forstudy.space/api/auth/logout,85,0,0
1663778106404,988,POST Sign In JSON,200,OK,Concurrency Thread Group-ThreadStarter 1-1,text,true,,843,292,1,1,https://qauto2.forstudy.space/api/auth/signin,988,0,216
1663778107706,78,Add car,201,Created,Concurrency Thread Group-ThreadStarter 1-1,text,true,,532,431,1,1,https://qauto2.forstudy.space/api/cars,78,0,0
1663778107786,66,Remove Car,200,OK,Concurrency Thread Group-ThreadStarter 1-1,text,true,,335,371,1,1,https://qauto2.forstudy.space/api/cars/69487,66,0,0
1663778107857,937,POST Sign In JSON,200,OK,Concurrency Thread Group-ThreadStarter 1-1,text,true,,668,470,2,2,https://qauto2.forstudy.space/api/auth/signin,937,0,382
1663778108753,830,POST Sign In JSON,200,OK,Concurrency Thread Group-ThreadStarter 1-2,text,true,,839,292,2,2,https://qauto2.forstudy.space/api/auth/signin,830,0,225
1663778109099,491,Add car,201,Created,Concurrency Thread Group-ThreadStarter 1-1,text,true,,532,431,2,2,https://qauto2.forstudy.space/api/cars,491,0,0
1663778109591,199,Remove Car,200,OK,Concurrency Thread Group-ThreadStarter 1-1,text,true,,335,371,2,2,https://qauto2.forstudy.space/api/cars/69488,199,0,0
1663778109586,263,GET cars,200,OK,Concurrency Thread Group-ThreadStarter 1-2,text,true,,3255,349,2,2,https://qauto2.forstudy.space/api/cars?user=7544,263,0,0
1663778109792,765,POST Sign In JSON,200,OK,Concurrency Thread Group-ThreadStarter 1-1,text,true,,668,470,2,2,https://qauto2.forstudy.space/api/auth/signin,765,0,212
1663778110151,415,Add car,201,Created,Concurrency Thread Group-ThreadStarter 1-2,text,true,,532,427,2,2,https://qauto2.forstudy.space/api/cars,415,0,0
1663778110567,64,Remove Car,200,OK,Concurrency Thread Group-ThreadStarter 1-2,text,true,,335,367,2,2,https://qauto2.forstudy.space/api/cars/69489,64,0,0
1663778110632,80,Log Out,200,OK,Concurrency Thread Group-ThreadStarter 1-2,text,true,,497,346,2,2,https://qauto2.forstudy.space/api/auth/logout,80,0,0
1663778110859,87,Add car,201,Created,Concurrency Thread Group-ThreadStarter 1-1,text,true,,532,431,2,2,https://qauto2.forstudy.space/api/cars,87,0,0
1663778110947,70,Remove Car,200,OK,Concurrency Thread Group-ThreadStarter 1-1,text,true,,335,371,2,2,https://qauto2.forstudy.space/api/cars/69490,70,0,0
1663778110714,798,POST Sign In JSON,200,OK,Concurrency Thread Group-ThreadStarter 1-2,text,true,,837,292,2,2,https://qauto2.forstudy.space/api/auth/signin,798,0,252
1663778111020,1041,POST Sign In JSON,200,OK,Concurrency Thread Group-ThreadStarter 1-1,text,true,,668,470,2,2,https://qauto2.forstudy.space/api/auth/signin,1041,0,489
1663778111822,245,Add car,201,Created,Concurrency Thread Group-ThreadStarter 1-2,text,true,,532,425,2,2,https://qauto2.forstudy.space/api/cars,245,0,0
1663778112069,66,Remove Car,200,OK,Concurrency Thread Group-ThreadStarter 1-2,text,true,,335,365,2,2,https://qauto2.forstudy.space/api/cars/69491,65,0,0
1663778112363,79,Add car,201,Created,Concurrency Thread Group-ThreadStarter 1-1,text,true,,532,431,2,2,https://qauto2.forstudy.space/api/cars,79,0,0
1663778112142,786,POST Sign In JSON,200,OK,Concurrency Thread Group-ThreadStarter 1-2,text,true,,668,464,2,2,https://qauto2.forstudy.space/api/auth/signin,786,0,239
1663778112444,488,Remove Car,200,OK,Concurrency Thread Group-ThreadStarter 1-1,text,true,,335,371,2,2,https://qauto2.forstudy.space/api/cars/69492,488,0,0
1663778112938,781,POST Sign In JSON,200,OK,Concurrency Thread Group-ThreadStarter 1-1,text,true,,668,470,2,2,https://qauto2.forstudy.space/api/auth/signin,781,0,234
1663778113236,491,Add car,201,Created,Concurrency Thread Group-ThreadStarter 1-2,text,true,,532,425,2,2,https://qauto2.forstudy.space/api/cars,491,0,0
1663778113729,65,Remove Car,200,OK,Concurrency Thread Group-ThreadStarter 1-2,text,true,,335,365,3,3,https://qauto2.forstudy.space/api/cars/69493,64,0,0
1663778113765,1257,POST Sign In JSON,200,OK,Concurrency Thread Group-ThreadStarter 1-3,text,true,,841,292,3,3,https://qauto2.forstudy.space/api/auth/signin,1257,0,237
1663778113799,1231,POST Sign In JSON,200,OK,Concurrency Thread Group-ThreadStarter 1-2,text,true,,668,464,3,3,https://qauto2.forstudy.space/api/auth/signin,1230,0,221
1663778114022,1011,Add car,201,Created,Concurrency Thread Group-ThreadStarter 1-1,text,true,,532,431,3,3,https://qauto2.forstudy.space/api/cars,1011,0,0
1663778115026,74,GET cars,200,OK,Concurrency Thread Group-ThreadStarter 1-3,text,true,,3255,351,3,3,https://qauto2.forstudy.space/api/cars?user=7544,73,0,0
1663778115035,73,Remove Car,200,OK,Concurrency Thread Group-ThreadStarter 1-1,text,true,,335,371,3,3,https://qauto2.forstudy.space/api/cars/69494,72,0,0
1663778115123,772,POST Sign In JSON,200,OK,Concurrency Thread Group-ThreadStarter 1-1,text,true,,668,470,3,3,https://qauto2.forstudy.space/api/auth/signin,772,0,206
1663778115333,568,Add car,201,Created,Concurrency Thread Group-ThreadStarter 1-2,text,true,,532,425,3,3,https://qauto2.forstudy.space/api/cars,568,0,0
1663778115403,503,Add car,201,Created,Concurrency Thread Group-ThreadStarter 1-3,text,true,,532,429,3,3,https://qauto2.forstudy.space/api/cars,503,0,0
1663778115902,81,Remove Car,200,OK,Concurrency Thread Group-ThreadStarter 1-2,text,true,,335,365,3,3,https://qauto2.forstudy.space/api/cars/69495,81,0,0
1663778115908,80,Remove Car,200,OK,Concurrency Thread Group-ThreadStarter 1-3,text,true,,335,369,3,3,https://qauto2.forstudy.space/api/cars/69496,80,0,0
1663778115990,96,Log Out,200,OK,Concurrency Thread Group-ThreadStarter 1-3,text,true,,497,348,3,3,https://qauto2.forstudy.space/api/auth/logout,96,0,0
1663778116199,98,Add car,201,Created,Concurrency Thread Group-ThreadStarter 1-1,text,true,,532,431,3,3,https://qauto2.forstudy.space/api/cars,98,0,0
1663778116299,978,Remove Car,200,OK,Concurrency Thread Group-ThreadStarter 1-1,text,true,,335,371,3,3,https://qauto2.forstudy.space/api/cars/69497,978,0,0
1663778115988,1300,POST Sign In JSON,200,OK,Concurrency Thread Group-ThreadStarter 1-2,text,true,,668,464,3,3,https://qauto2.forstudy.space/api/auth/signin,1300,0,237
1663778116089,1208,POST Sign In JSON,200,OK,Concurrency Thread Group-ThreadStarter 1-3,text,true,,841,292,3,3,https://qauto2.forstudy.space/api/auth/signin,1208,0,214
1663778117281,798,POST Sign In JSON,200,OK,Concurrency Thread Group-ThreadStarter 1-1,text,true,,668,470,3,3,https://qauto2.forstudy.space/api/auth/signin,798,0,242
1663778117592,515,Add car,201,Created,Concurrency Thread Group-ThreadStarter 1-2,text,true,,532,425,3,3,https://qauto2.forstudy.space/api/cars,514,0,0
1663778117605,505,Add car,201,Created,Concurrency Thread Group-ThreadStarter 1-3,text,true,,532,429,3,3,https://qauto2.forstudy.space/api/cars,505,0,0
1663778118108,555,Remove Car,200,OK,Concurrency Thread Group-ThreadStarter 1-2,text,true,,335,365,3,3,https://qauto2.forstudy.space/api/cars/69498,554,0,0
1663778118111,556,Remove Car,200,OK,Concurrency Thread Group-ThreadStarter 1-3,text,true,,335,369,3,3,https://qauto2.forstudy.space/api/cars/69499,556,0,0
1663778118381,292,Add car,201,Created,Concurrency Thread Group-ThreadStarter 1-1,text,true,,532,431,3,3,https://qauto2.forstudy.space/api/cars,291,0,0
1663778118676,70,Remove Car,200,OK,Concurrency Thread Group-ThreadStarter 1-1,text,true,,335,371,3,3,https://qauto2.forstudy.space/api/cars/69500,70,0,0
1663778118668,2218,POST Sign In JSON,200,OK,Concurrency Thread Group-ThreadStarter 1-2,text,true,,668,464,4,4,https://qauto2.forstudy.space/api/auth/signin,2218,0,208
1663778118670,2229,POST Sign In JSON,200,OK,Concurrency Thread Group-ThreadStarter 1-3,text,true,,668,468,4,4,https://qauto2.forstudy.space/api/auth/signin,2229,0,236
1663778118749,2168,POST Sign In JSON,200,OK,Concurrency Thread Group-ThreadStarter 1-1,text,true,,668,470,4,4,https://qauto2.forstudy.space/api/auth/signin,2168,0,488
1663778118763,2154,POST Sign In JSON,200,OK,Concurrency Thread Group-ThreadStarter 1-4,text,true,,839,292,4,4,https://qauto2.forstudy.space/api/auth/signin,2154,0,475
1663778120921,77,GET cars,200,OK,Concurrency Thread Group-ThreadStarter 1-4,text,true,,3048,349,4,4,https://qauto2.forstudy.space/api/cars?user=7544,77,0,0
1663778121190,75,Add car,201,Created,Concurrency Thread Group-ThreadStarter 1-2,text,true,,532,425,4,4,https://qauto2.forstudy.space/api/cars,75,0,0
1663778121202,75,Add car,201,Created,Concurrency Thread Group-ThreadStarter 1-3,text,true,,532,429,4,4,https://qauto2.forstudy.space/api/cars,75,0,0
1663778121220,70,Add car,201,Created,Concurrency Thread Group-ThreadStarter 1-1,text,true,,532,431,4,4,https://qauto2.forstudy.space/api/cars,70,0,0
1663778121266,71,Remove Car,200,OK,Concurrency Thread Group-ThreadStarter 1-2,text,true,,335,365,4,4,https://qauto2.forstudy.space/api/cars/69501,71,0,0
1663778121279,65,Remove Car,200,OK,Concurrency Thread Group-ThreadStarter 1-3,text,true,,335,369,4,4,https://qauto2.forstudy.space/api/cars/69502,65,0,0
1663778121291,66,Remove Car,200,OK,Concurrency Thread Group-ThreadStarter 1-1,text,true,,335,371,4,4,https://qauto2.forstudy.space/api/cars/69503,66,0,0
1663778121301,71,Add car,201,Created,Concurrency Thread Group-ThreadStarter 1-4,text,true,,532,427,4,4,https://qauto2.forstudy.space/api/cars,71,0,0
1663778121373,63,Remove Car,200,OK,Concurrency Thread Group-ThreadStarter 1-4,text,true,,335,367,4,4,https://qauto2.forstudy.space/api/cars/69504,63,0,0
1663778121437,110,Log Out,200,OK,Concurrency Thread Group-ThreadStarter 1-4,text,true,,497,346,4,4,https://qauto2.forstudy.space/api/auth/logout,110,0,0
1663778121361,2268,POST Sign In JSON,200,OK,Concurrency Thread Group-ThreadStarter 1-1,text,true,,668,470,4,4,https://qauto2.forstudy.space/api/auth/signin,2268,0,238
1663778121341,2359,POST Sign In JSON,200,OK,Concurrency Thread Group-ThreadStarter 1-2,text,true,,667,464,4,4,https://qauto2.forstudy.space/api/auth/signin,2359,0,268
1663778121348,2355,POST Sign In JSON,200,OK,Concurrency Thread Group-ThreadStarter 1-3,text,true,,667,468,4,4,https://qauto2.forstudy.space/api/auth/signin,2355,0,268
1663778121549,2157,POST Sign In JSON,200,OK,Concurrency Thread Group-ThreadStarter 1-4,text,true,,836,292,4,4,https://qauto2.forstudy.space/api/auth/signin,2157,0,221
1663778123932,82,Add car,201,Created,Concurrency Thread Group-ThreadStarter 1-1,text,true,,532,431,5,5,https://qauto2.forstudy.space/api/cars,82,0,0
1663778124003,83,Add car,201,Created,Concurrency Thread Group-ThreadStarter 1-2,text,true,,532,425,5,5,https://qauto2.forstudy.space/api/cars,83,0,0
1663778124017,83,Remove Car,200,OK,Concurrency Thread Group-ThreadStarter 1-1,text,true,,335,371,5,5,https://qauto2.forstudy.space/api/cars/69505,83,0,0
1663778124008,94,Add car,201,Created,Concurrency Thread Group-ThreadStarter 1-3,text,true,,532,429,5,5,https://qauto2.forstudy.space/api/cars,94,0,0
1663778124010,97,Add car,201,Created,Concurrency Thread Group-ThreadStarter 1-4,text,true,,532,425,5,5,https://qauto2.forstudy.space/api/cars,97,0,0
1663778124087,62,Remove Car,200,OK,Concurrency Thread Group-ThreadStarter 1-2,text,true,,335,365,5,5,https://qauto2.forstudy.space/api/cars/69506,62,0,0
1663778124104,68,Remove Car,200,OK,Concurrency Thread Group-ThreadStarter 1-3,text,true,,335,369,5,5,https://qauto2.forstudy.space/api/cars/69507,68,0,0
1663778124108,67,Remove Car,200,OK,Concurrency Thread Group-ThreadStarter 1-4,text,true,,335,365,5,5,https://qauto2.forstudy.space/api/cars/69508,66,0,0
1663778123775,2854,POST Sign In JSON,200,OK,Concurrency Thread Group-ThreadStarter 1-5,text,true,,836,292,5,5,https://qauto2.forstudy.space/api/auth/signin,2853,0,341
1663778124105,2543,POST Sign In JSON,200,OK,Concurrency Thread Group-ThreadStarter 1-1,text,true,,667,470,5,5,https://qauto2.forstudy.space/api/auth/signin,2543,0,244
1663778124152,2497,POST Sign In JSON,200,OK,Concurrency Thread Group-ThreadStarter 1-2,text,true,,667,464,5,5,https://qauto2.forstudy.space/api/auth/signin,2497,0,209
1663778124177,2474,POST Sign In JSON,200,OK,Concurrency Thread Group-ThreadStarter 1-4,text,true,,667,464,5,5,https://qauto2.forstudy.space/api/auth/signin,2474,0,238
1663778124175,2477,POST Sign In JSON,200,OK,Concurrency Thread Group-ThreadStarter 1-3,text,true,,667,468,5,5,https://qauto2.forstudy.space/api/auth/signin,2477,0,241
1663778126631,74,GET cars,200,OK,Concurrency Thread Group-ThreadStarter 1-5,text,true,,3048,347,5,5,https://qauto2.forstudy.space/api/cars?user=7544,74,0,0
1663778126951,103,Add car,201,Created,Concurrency Thread Group-ThreadStarter 1-1,text,true,,532,431,5,5,https://qauto2.forstudy.space/api/cars,103,0,0
1663778126952,114,Add car,201,Created,Concurrency Thread Group-ThreadStarter 1-2,text,true,,532,425,5,5,https://qauto2.forstudy.space/api/cars,114,0,0
1663778126953,115,Add car,201,Created,Concurrency Thread Group-ThreadStarter 1-4,text,true,,532,425,5,5,https://qauto2.forstudy.space/api/cars,114,0,0
1663778126956,115,Add car,201,Created,Concurrency Thread Group-ThreadStarter 1-3,text,true,,532,429,5,5,https://qauto2.forstudy.space/api/cars,115,0,0
1663778127007,77,Add car,201,Created,Concurrency Thread Group-ThreadStarter 1-5,text,true,,532,425,5,5,https://qauto2.forstudy.space/api/cars,77,0,0
1663778127056,64,Remove Car,200,OK,Concurrency Thread Group-ThreadStarter 1-1,text,true,,335,371,5,5,https://qauto2.forstudy.space/api/cars/69509,63,0,0
1663778127068,69,Remove Car,200,OK,Concurrency Thread Group-ThreadStarter 1-2,text,true,,335,365,5,5,https://qauto2.forstudy.space/api/cars/69510,69,0,0
1663778127069,75,Remove Car,200,OK,Concurrency Thread Group-ThreadStarter 1-4,text,true,,335,365,5,5,https://qauto2.forstudy.space/api/cars/69511,75,0,0
1663778127073,78,Remove Car,200,OK,Concurrency Thread Group-ThreadStarter 1-3,text,true,,335,369,5,5,https://qauto2.forstudy.space/api/cars/69512,78,0,0
1663778127086,78,Remove Car,200,OK,Concurrency Thread Group-ThreadStarter 1-5,text,true,,335,365,5,5,https://qauto2.forstudy.space/api/cars/69513,78,0,0
1663778127165,85,Log Out,200,OK,Concurrency Thread Group-ThreadStarter 1-5,text,true,,497,344,5,5,https://qauto2.forstudy.space/api/auth/logout,85,0,0
1663778127153,1255,POST Sign In JSON,429,Too Many Requests,Concurrency Thread Group-ThreadStarter 1-3,text,false,,485,468,5,5,https://qauto2.forstudy.space/api/auth/signin,1255,0,216
1663778127148,1258,POST Sign In JSON,429,Too Many Requests,Concurrency Thread Group-ThreadStarter 1-4,text,false,,485,464,5,5,https://qauto2.forstudy.space/api/auth/signin,1258,0,206
1663778127141,1267,POST Sign In JSON,429,Too Many Requests,Concurrency Thread Group-ThreadStarter 1-2,text,false,,485,464,5,5,https://qauto2.forstudy.space/api/auth/signin,1266,0,215
1663778127124,1291,POST Sign In JSON,200,OK,Concurrency Thread Group-ThreadStarter 1-1,text,true,,667,470,5,5,https://qauto2.forstudy.space/api/auth/signin,1291,0,200
1663778127253,1170,POST Sign In JSON,200,OK,Concurrency Thread Group-ThreadStarter 1-5,text,true,,836,292,5,5,https://qauto2.forstudy.space/api/auth/signin,1170,0,201
1663778128409,70,GET cars,200,OK,Concurrency Thread Group-ThreadStarter 1-3,text,true,,3048,351,5,5,https://qauto2.forstudy.space/api/cars?user=1000,70,0,0
1663778128411,89,GET cars,200,OK,Concurrency Thread Group-ThreadStarter 1-4,text,true,,3048,347,5,5,https://qauto2.forstudy.space/api/cars?user=1000,88,0,0
1663778128412,90,GET cars,200,OK,Concurrency Thread Group-ThreadStarter 1-2,text,true,,3048,347,5,5,https://qauto2.forstudy.space/api/cars?user=1000,90,0,0
1663778128717,98,Add car,201,Created,Concurrency Thread Group-ThreadStarter 1-1,text,true,,532,431,5,5,https://qauto2.forstudy.space/api/cars,98,0,0
1663778128726,102,Add car,201,Created,Concurrency Thread Group-ThreadStarter 1-5,text,true,,532,425,5,5,https://qauto2.forstudy.space/api/cars,102,0,0
1663778128781,80,Add car,201,Created,Concurrency Thread Group-ThreadStarter 1-3,text,true,,532,429,5,5,https://qauto2.forstudy.space/api/cars,80,0,0
1663778128801,90,Add car,201,Created,Concurrency Thread Group-ThreadStarter 1-4,text,true,,532,425,5,5,https://qauto2.forstudy.space/api/cars,90,0,0
1663778128817,83,Remove Car,200,OK,Concurrency Thread Group-ThreadStarter 1-1,text,true,,335,371,5,5,https://qauto2.forstudy.space/api/cars/69514,83,0,0
1663778128804,103,Add car,201,Created,Concurrency Thread Group-ThreadStarter 1-2,text,true,,532,425,5,5,https://qauto2.forstudy.space/api/cars,102,0,0
1663778128829,78,Remove Car,200,OK,Concurrency Thread Group-ThreadStarter 1-5,text,true,,335,365,5,5,https://qauto2.forstudy.space/api/cars/69515,78,0,0
1663778128862,65,Remove Car,200,OK,Concurrency Thread Group-ThreadStarter 1-3,text,true,,335,369,5,5,https://qauto2.forstudy.space/api/cars/69516,65,0,0
1663778128893,67,Remove Car,200,OK,Concurrency Thread Group-ThreadStarter 1-4,text,true,,335,365,5,5,https://qauto2.forstudy.space/api/cars/69517,67,0,0
1663778128908,65,Remove Car,200,OK,Concurrency Thread Group-ThreadStarter 1-2,text,true,,335,365,5,5,https://qauto2.forstudy.space/api/cars/69518,65,0,0
1663778128910,270,POST Sign In JSON,429,Too Many Requests,Concurrency Thread Group-ThreadStarter 1-5,text,false,,485,464,5,5,https://qauto2.forstudy.space/api/auth/signin,270,0,208
1663778128903,284,POST Sign In JSON,429,Too Many Requests,Concurrency Thread Group-ThreadStarter 1-1,text,false,,485,470,5,5,https://qauto2.forstudy.space/api/auth/signin,284,0,218
1663778128931,268,POST Sign In JSON,429,Too Many Requests,Concurrency Thread Group-ThreadStarter 1-3,text,false,,485,468,5,5,https://qauto2.forstudy.space/api/auth/signin,268,0,205
1663778128964,262,POST Sign In JSON,429,Too Many Requests,Concurrency Thread Group-ThreadStarter 1-4,text,false,,485,464,5,5,https://qauto2.forstudy.space/api/auth/signin,262,0,199
1663778128979,282,POST Sign In JSON,429,Too Many Requests,Concurrency Thread Group-ThreadStarter 1-2,text,false,,485,464,5,5,https://qauto2.forstudy.space/api/auth/signin,282,0,201
1663778129181,90,GET cars,200,OK,Concurrency Thread Group-ThreadStarter 1-5,text,true,,3048,347,5,5,https://qauto2.forstudy.space/api/cars?user=1000,89,0,0
1663778129187,90,GET cars,200,OK,Concurrency Thread Group-ThreadStarter 1-1,text,true,,3048,353,5,5,https://qauto2.forstudy.space/api/cars?user=1000,90,0,0
1663778129501,81,Add car,201,Created,Concurrency Thread Group-ThreadStarter 1-3,text,true,,532,429,5,5,https://qauto2.forstudy.space/api/cars,81,0,0
1663778129528,74,Add car,201,Created,Concurrency Thread Group-ThreadStarter 1-4,text,true,,532,425,5,5,https://qauto2.forstudy.space/api/cars,73,0,0
1663778129563,76,Add car,201,Created,Concurrency Thread Group-ThreadStarter 1-2,text,true,,532,425,5,5,https://qauto2.forstudy.space/api/cars,75,0,0
1663778129571,82,Add car,201,Created,Concurrency Thread Group-ThreadStarter 1-5,text,true,,532,425,5,5,https://qauto2.forstudy.space/api/cars,82,0,0
1663778129584,75,Remove Car,200,OK,Concurrency Thread Group-ThreadStarter 1-3,text,true,,335,369,5,5,https://qauto2.forstudy.space/api/cars/69519,75,0,0
1663778129578,90,Add car,201,Created,Concurrency Thread Group-ThreadStarter 1-1,text,true,,532,431,5,5,https://qauto2.forstudy.space/api/cars,89,0,0
1663778129603,68,Remove Car,200,OK,Concurrency Thread Group-ThreadStarter 1-4,text,true,,335,365,5,5,https://qauto2.forstudy.space/api/cars/69520,68,0,0
1663778129640,63,Remove Car,200,OK,Concurrency Thread Group-ThreadStarter 1-2,text,true,,335,365,5,5,https://qauto2.forstudy.space/api/cars/69521,63,0,0
1663778129654,63,Remove Car,200,OK,Concurrency Thread Group-ThreadStarter 1-5,text,true,,335,365,5,5,https://qauto2.forstudy.space/api/cars/69522,63,0,0
1663778129669,64,Remove Car,200,OK,Concurrency Thread Group-ThreadStarter 1-1,text,true,,335,371,5,5,https://qauto2.forstudy.space/api/cars/69523,64,0,0
1663778129663,276,POST Sign In JSON,429,Too Many Requests,Concurrency Thread Group-ThreadStarter 1-3,text,false,,485,468,5,5,https://qauto2.forstudy.space/api/auth/signin,276,0,214
1663778129677,269,POST Sign In JSON,429,Too Many Requests,Concurrency Thread Group-ThreadStarter 1-4,text,false,,485,464,5,5,https://qauto2.forstudy.space/api/auth/signin,269,0,202
1663778129709,257,POST Sign In JSON,429,Too Many Requests,Concurrency Thread Group-ThreadStarter 1-2,text,false,,485,464,5,5,https://qauto2.forstudy.space/api/auth/signin,257,0,196
1663778129721,263,POST Sign In JSON,429,Too Many Requests,Concurrency Thread Group-ThreadStarter 1-5,text,false,,485,464,5,5,https://qauto2.forstudy.space/api/auth/signin,263,0,202
1663778129736,268,POST Sign In JSON,429,Too Many Requests,Concurrency Thread Group-ThreadStarter 1-1,text,false,,485,470,5,5,https://qauto2.forstudy.space/api/auth/signin,268,0,200
1663778130241,80,Add car,201,Created,Concurrency Thread Group-ThreadStarter 1-3,text,true,,532,429,5,5,https://qauto2.forstudy.space/api/cars,79,0,0
1663778130247,78,Add car,201,Created,Concurrency Thread Group-ThreadStarter 1-4,text,true,,532,425,5,5,https://qauto2.forstudy.space/api/cars,78,0,0
1663778130268,69,Add car,201,Created,Concurrency Thread Group-ThreadStarter 1-2,text,true,,532,425,5,5,https://qauto2.forstudy.space/api/cars,69,0,0
1663778130286,75,Add car,201,Created,Concurrency Thread Group-ThreadStarter 1-5,text,true,,532,425,5,5,https://qauto2.forstudy.space/api/cars,75,0,0
1663778130311,69,Add car,201,Created,Concurrency Thread Group-ThreadStarter 1-1,text,true,,532,431,5,5,https://qauto2.forstudy.space/api/cars,69,0,0
1663778130322,65,Remove Car,200,OK,Concurrency Thread Group-ThreadStarter 1-3,text,true,,335,369,5,5,https://qauto2.forstudy.space/api/cars/69524,65,0,0
1663778130326,71,Remove Car,200,OK,Concurrency Thread Group-ThreadStarter 1-4,text,true,,335,365,5,5,https://qauto2.forstudy.space/api/cars/69525,71,0,0
1663778130339,66,Remove Car,200,OK,Concurrency Thread Group-ThreadStarter 1-2,text,true,,335,365,5,5,https://qauto2.forstudy.space/api/cars/69526,66,0,0
1663778130362,63,Remove Car,200,OK,Concurrency Thread Group-ThreadStarter 1-5,text,true,,335,365,5,5,https://qauto2.forstudy.space/api/cars/69527,63,0,0
1663778130381,65,Remove Car,200,OK,Concurrency Thread Group-ThreadStarter 1-1,text,true,,335,371,5,5,https://qauto2.forstudy.space/api/cars/69528,65,0,0
1663778130396,258,POST Sign In JSON,429,Too Many Requests,Concurrency Thread Group-ThreadStarter 1-3,text,false,,485,468,5,5,https://qauto2.forstudy.space/api/auth/signin,258,0,196
1663778130401,269,POST Sign In JSON,429,Too Many Requests,Concurrency Thread Group-ThreadStarter 1-4,text,false,,485,464,5,5,https://qauto2.forstudy.space/api/auth/signin,268,0,208
1663778130411,267,POST Sign In JSON,429,Too Many Requests,Concurrency Thread Group-ThreadStarter 1-2,text,false,,485,464,5,5,https://qauto2.forstudy.space/api/auth/signin,267,0,207
1663778130428,269,POST Sign In JSON,429,Too Many Requests,Concurrency Thread Group-ThreadStarter 1-5,text,false,,485,464,5,5,https://qauto2.forstudy.space/api/auth/signin,269,0,206
1663778130448,260,POST Sign In JSON,429,Too Many Requests,Concurrency Thread Group-ThreadStarter 1-1,text,false,,485,470,5,5,https://qauto2.forstudy.space/api/auth/signin,260,0,199
1663778130956,72,Add car,201,Created,Concurrency Thread Group-ThreadStarter 1-3,text,true,,532,429,5,5,https://qauto2.forstudy.space/api/cars,72,0,0
1663778130971,70,Add car,201,Created,Concurrency Thread Group-ThreadStarter 1-4,text,true,,532,425,5,5,https://qauto2.forstudy.space/api/cars,70,0,0
1663778130980,81,Add car,201,Created,Concurrency Thread Group-ThreadStarter 1-2,text,true,,532,425,5,5,https://qauto2.forstudy.space/api/cars,81,0,0
1663778131000,68,Add car,201,Created,Concurrency Thread Group-ThreadStarter 1-5,text,true,,532,425,5,5,https://qauto2.forstudy.space/api/cars,67,0,0
1663778131011,69,Add car,201,Created,Concurrency Thread Group-ThreadStarter 1-1,text,true,,532,431,5,5,https://qauto2.forstudy.space/api/cars,69,0,0
1663778131029,62,Remove Car,200,OK,Concurrency Thread Group-ThreadStarter 1-3,text,true,,335,369,5,5,https://qauto2.forstudy.space/api/cars/69529,62,0,0
1663778131061,65,Remove Car,200,OK,Concurrency Thread Group-ThreadStarter 1-4,text,true,,335,365,5,5,https://qauto2.forstudy.space/api/cars/69530,65,0,0
1663778131064,73,Remove Car,200,OK,Concurrency Thread Group-ThreadStarter 1-2,text,true,,335,365,5,5,https://qauto2.forstudy.space/api/cars/69531,73,0,0
1663778131069,70,Remove Car,200,OK,Concurrency Thread Group-ThreadStarter 1-5,text,true,,335,365,5,5,https://qauto2.forstudy.space/api/cars/69532,70,0,0
1663778131081,64,Remove Car,200,OK,Concurrency Thread Group-ThreadStarter 1-1,text,true,,335,371,5,5,https://qauto2.forstudy.space/api/cars/69533,64,0,0
1663778131094,259,POST Sign In JSON,429,Too Many Requests,Concurrency Thread Group-ThreadStarter 1-3,text,false,,485,468,5,5,https://qauto2.forstudy.space/api/auth/signin,259,0,198
1663778131128,256,POST Sign In JSON,429,Too Many Requests,Concurrency Thread Group-ThreadStarter 1-4,text,false,,485,464,5,5,https://qauto2.forstudy.space/api/auth/signin,256,0,195
1663778131141,258,POST Sign In JSON,429,Too Many Requests,Concurrency Thread Group-ThreadStarter 1-5,text,false,,485,464,5,5,https://qauto2.forstudy.space/api/auth/signin,258,0,198
1663778131139,273,POST Sign In JSON,429,Too Many Requests,Concurrency Thread Group-ThreadStarter 1-2,text,false,,485,464,5,5,https://qauto2.forstudy.space/api/auth/signin,272,0,209
1663778131147,276,POST Sign In JSON,429,Too Many Requests,Concurrency Thread Group-ThreadStarter 1-1,text,false,,485,470,5,5,https://qauto2.forstudy.space/api/auth/signin,276,0,215
1663778131655,75,Add car,201,Created,Concurrency Thread Group-ThreadStarter 1-3,text,true,,532,429,5,5,https://qauto2.forstudy.space/api/cars,75,0,0
1663778131686,70,Add car,201,Created,Concurrency Thread Group-ThreadStarter 1-4,text,true,,532,425,5,5,https://qauto2.forstudy.space/api/cars,70,0,0
1663778131700,69,Add car,201,Created,Concurrency Thread Group-ThreadStarter 1-5,text,true,,532,425,5,5,https://qauto2.forstudy.space/api/cars,69,0,0
1663778131713,82,Add car,201,Created,Concurrency Thread Group-ThreadStarter 1-2,text,true,,532,425,5,5,https://qauto2.forstudy.space/api/cars,82,0,0
1663778131731,71,Remove Car,200,OK,Concurrency Thread Group-ThreadStarter 1-3,text,true,,335,369,5,5,https://qauto2.forstudy.space/api/cars/69534,71,0,0
1663778131724,88,Add car,201,Created,Concurrency Thread Group-ThreadStarter 1-1,text,true,,532,431,5,5,https://qauto2.forstudy.space/api/cars,88,0,0
1663778131758,62,Remove Car,200,OK,Concurrency Thread Group-ThreadStarter 1-4,text,true,,335,365,5,5,https://qauto2.forstudy.space/api/cars/69535,62,0,0
1663778131770,67,Remove Car,200,OK,Concurrency Thread Group-ThreadStarter 1-5,text,true,,335,365,5,5,https://qauto2.forstudy.space/api/cars/69536,67,0,0
1663778131796,64,Remove Car,200,OK,Concurrency Thread Group-ThreadStarter 1-2,text,true,,335,365,5,5,https://qauto2.forstudy.space/api/cars/69537,64,0,0
1663778131814,65,Remove Car,200,OK,Concurrency Thread Group-ThreadStarter 1-1,text,true,,335,371,5,5,https://qauto2.forstudy.space/api/cars/69538,65,0,0
1663778131806,273,POST Sign In JSON,429,Too Many Requests,Concurrency Thread Group-ThreadStarter 1-3,text,false,,485,468,5,5,https://qauto2.forstudy.space/api/auth/signin,273,0,207
1663778131824,264,POST Sign In JSON,429,Too Many Requests,Concurrency Thread Group-ThreadStarter 1-4,text,false,,485,464,5,5,https://qauto2.forstudy.space/api/auth/signin,264,0,205
1663778131840,271,POST Sign In JSON,429,Too Many Requests,Concurrency Thread Group-ThreadStarter 1-5,text,false,,485,464,5,5,https://qauto2.forstudy.space/api/auth/signin,271,0,198
1663778131865,257,POST Sign In JSON,429,Too Many Requests,Concurrency Thread Group-ThreadStarter 1-2,text,false,,485,464,5,5,https://qauto2.forstudy.space/api/auth/signin,256,0,195
1663778131886,255,POST Sign In JSON,429,Too Many Requests,Concurrency Thread Group-ThreadStarter 1-1,text,false,,485,470,5,5,https://qauto2.forstudy.space/api/auth/signin,255,0,195
1663778132380,70,Add car,201,Created,Concurrency Thread Group-ThreadStarter 1-3,text,true,,532,429,5,5,https://qauto2.forstudy.space/api/cars,70,0,0
1663778132390,71,Add car,201,Created,Concurrency Thread Group-ThreadStarter 1-4,text,true,,532,425,5,5,https://qauto2.forstudy.space/api/cars,71,0,0
1663778132412,68,Add car,201,Created,Concurrency Thread Group-ThreadStarter 1-5,text,true,,532,425,5,5,https://qauto2.forstudy.space/api/cars,68,0,0
1663778132423,68,Add car,201,Created,Concurrency Thread Group-ThreadStarter 1-2,text,true,,532,425,5,5,https://qauto2.forstudy.space/api/cars,68,0,0
1663778132444,77,Add car,201,Created,Concurrency Thread Group-ThreadStarter 1-1,text,true,,532,431,5,5,https://qauto2.forstudy.space/api/cars,77,0,0
1663778132451,71,Remove Car,200,OK,Concurrency Thread Group-ThreadStarter 1-3,text,true,,335,369,5,5,https://qauto2.forstudy.space/api/cars/69539,71,0,0
1663778132462,66,Remove Car,200,OK,Concurrency Thread Group-ThreadStarter 1-4,text,true,,335,365,5,5,https://qauto2.forstudy.space/api/cars/69540,66,0,0
1663778132481,62,Remove Car,200,OK,Concurrency Thread Group-ThreadStarter 1-5,text,true,,335,365,5,5,https://qauto2.forstudy.space/api/cars/69541,62,0,0
1663778132492,71,Remove Car,200,OK,Concurrency Thread Group-ThreadStarter 1-2,text,true,,335,365,5,5,https://qauto2.forstudy.space/api/cars/69542,71,0,0
1663778132522,64,Remove Car,200,OK,Concurrency Thread Group-ThreadStarter 1-1,text,true,,335,371,5,5,https://qauto2.forstudy.space/api/cars/69543,64,0,0
1663778132525,271,POST Sign In JSON,429,Too Many Requests,Concurrency Thread Group-ThreadStarter 1-3,text,false,,485,468,5,5,https://qauto2.forstudy.space/api/auth/signin,271,0,201
1663778132530,266,POST Sign In JSON,429,Too Many Requests,Concurrency Thread Group-ThreadStarter 1-4,text,false,,485,464,5,5,https://qauto2.forstudy.space/api/auth/signin,266,0,198
1663778132545,269,POST Sign In JSON,429,Too Many Requests,Concurrency Thread Group-ThreadStarter 1-5,text,false,,485,464,5,5,https://qauto2.forstudy.space/api/auth/signin,269,0,203
1663778132565,257,POST Sign In JSON,429,Too Many Requests,Concurrency Thread Group-ThreadStarter 1-2,text,false,,485,464,5,5,https://qauto2.forstudy.space/api/auth/signin,257,0,196
1663778132588,269,POST Sign In JSON,429,Too Many Requests,Concurrency Thread Group-ThreadStarter 1-1,text,false,,485,470,5,5,https://qauto2.forstudy.space/api/auth/signin,269,0,207
1663778133097,184,Add car,201,Created,Concurrency Thread Group-ThreadStarter 1-3,text,true,,532,429,5,5,https://qauto2.forstudy.space/api/cars,184,0,0
1663778133098,195,Add car,201,Created,Concurrency Thread Group-ThreadStarter 1-4,text,true,,532,425,5,5,https://qauto2.forstudy.space/api/cars,195,0,0
1663778133116,194,Add car,201,Created,Concurrency Thread Group-ThreadStarter 1-5,text,true,,532,425,5,5,https://qauto2.forstudy.space/api/cars,194,0,0
1663778133159,173,Add car,201,Created,Concurrency Thread Group-ThreadStarter 1-1,text,true,,532,431,5,5,https://qauto2.forstudy.space/api/cars,173,0,0
1663778133124,208,Add car,201,Created,Concurrency Thread Group-ThreadStarter 1-2,text,true,,532,425,5,5,https://qauto2.forstudy.space/api/cars,208,0,0
1663778133283,65,Remove Car,200,OK,Concurrency Thread Group-ThreadStarter 1-3,text,true,,335,369,5,5,https://qauto2.forstudy.space/api/cars/69544,65,0,0
1663778133295,64,Remove Car,200,OK,Concurrency Thread Group-ThreadStarter 1-4,text,true,,335,365,5,5,https://qauto2.forstudy.space/api/cars/69545,64,0,0
1663778133311,80,Remove Car,200,OK,Concurrency Thread Group-ThreadStarter 1-5,text,true,,335,365,5,5,https://qauto2.forstudy.space/api/cars/69546,80,0,0
1663778133339,63,Remove Car,200,OK,Concurrency Thread Group-ThreadStarter 1-2,text,true,,335,365,5,5,https://qauto2.forstudy.space/api/cars/69547,63,0,0
1663778133333,77,Remove Car,200,OK,Concurrency Thread Group-ThreadStarter 1-1,text,true,,335,371,5,5,https://qauto2.forstudy.space/api/cars/69548,76,0,0
1663778133352,261,POST Sign In JSON,429,Too Many Requests,Concurrency Thread Group-ThreadStarter 1-3,text,false,,485,468,5,5,https://qauto2.forstudy.space/api/auth/signin,261,0,198
1663778133362,270,POST Sign In JSON,429,Too Many Requests,Concurrency Thread Group-ThreadStarter 1-4,text,false,,485,464,5,5,https://qauto2.forstudy.space/api/auth/signin,270,0,209
1663778133393,266,POST Sign In JSON,429,Too Many Requests,Concurrency Thread Group-ThreadStarter 1-5,text,false,,485,464,5,5,https://qauto2.forstudy.space/api/auth/signin,266,0,198
1663778133404,261,POST Sign In JSON,429,Too Many Requests,Concurrency Thread Group-ThreadStarter 1-2,text,false,,485,464,5,5,https://qauto2.forstudy.space/api/auth/signin,261,0,194
1663778133412,261,POST Sign In JSON,429,Too Many Requests,Concurrency Thread Group-ThreadStarter 1-1,text,false,,485,470,5,5,https://qauto2.forstudy.space/api/auth/signin,261,0,199
1663778133915,69,Add car,201,Created,Concurrency Thread Group-ThreadStarter 1-3,text,true,,532,429,5,5,https://qauto2.forstudy.space/api/cars,69,0,0
1663778133934,71,Add car,201,Created,Concurrency Thread Group-ThreadStarter 1-4,text,true,,532,425,5,5,https://qauto2.forstudy.space/api/cars,71,0,0
1663778133961,72,Add car,201,Created,Concurrency Thread Group-ThreadStarter 1-5,text,true,,532,425,5,5,https://qauto2.forstudy.space/api/cars,72,0,0
1663778133967,83,Add car,201,Created,Concurrency Thread Group-ThreadStarter 1-2,text,true,,532,425,5,5,https://qauto2.forstudy.space/api/cars,82,0,0
1663778133986,74,Remove Car,200,OK,Concurrency Thread Group-ThreadStarter 1-3,text,true,,335,369,5,5,https://qauto2.forstudy.space/api/cars/69549,74,0,0
1663778133975,92,Add car,201,Created,Concurrency Thread Group-ThreadStarter 1-1,text,true,,532,431,5,5,https://qauto2.forstudy.space/api/cars,92,0,0
1663778134006,65,Remove Car,200,OK,Concurrency Thread Group-ThreadStarter 1-4,text,true,,335,365,5,5,https://qauto2.forstudy.space/api/cars/69550,65,0,0
1663778134035,64,Remove Car,200,OK,Concurrency Thread Group-ThreadStarter 1-5,text,true,,335,365,5,5,https://qauto2.forstudy.space/api/cars/69551,64,0,0
1663778134051,62,Remove Car,200,OK,Concurrency Thread Group-ThreadStarter 1-2,text,true,,335,365,5,5,https://qauto2.forstudy.space/api/cars/69552,62,0,0
1663778134068,69,Remove Car,200,OK,Concurrency Thread Group-ThreadStarter 1-1,text,true,,335,371,5,5,https://qauto2.forstudy.space/api/cars/69553,69,0,0
1663778134064,267,POST Sign In JSON,429,Too Many Requests,Concurrency Thread Group-ThreadStarter 1-3,text,false,,485,468,5,5,https://qauto2.forstudy.space/api/auth/signin,267,0,202
1663778134076,279,POST Sign In JSON,429,Too Many Requests,Concurrency Thread Group-ThreadStarter 1-4,text,false,,485,464,5,5,https://qauto2.forstudy.space/api/auth/signin,278,0,214
1663778134102,256,POST Sign In JSON,429,Too Many Requests,Concurrency Thread Group-ThreadStarter 1-5,text,false,,485,464,5,5,https://qauto2.forstudy.space/api/auth/signin,256,0,194
1663778134115,266,POST Sign In JSON,429,Too Many Requests,Concurrency Thread Group-ThreadStarter 1-2,text,false,,485,464,5,5,https://qauto2.forstudy.space/api/auth/signin,266,0,202
1663778134140,269,POST Sign In JSON,429,Too Many Requests,Concurrency Thread Group-ThreadStarter 1-1,text,false,,485,470,5,5,https://qauto2.forstudy.space/api/auth/signin,269,0,206
1663778134632,83,Add car,201,Created,Concurrency Thread Group-ThreadStarter 1-3,text,true,,532,429,5,5,https://qauto2.forstudy.space/api/cars,83,0,0
1663778134658,81,Add car,201,Created,Concurrency Thread Group-ThreadStarter 1-4,text,true,,532,425,5,5,https://qauto2.forstudy.space/api/cars,81,0,0
1663778134661,82,Add car,201,Created,Concurrency Thread Group-ThreadStarter 1-5,text,true,,532,425,5,5,https://qauto2.forstudy.space/api/cars,82,0,0
1663778134684,71,Add car,201,Created,Concurrency Thread Group-ThreadStarter 1-2,text,true,,532,425,5,5,https://qauto2.forstudy.space/api/cars,71,0,0
1663778134711,79,Add car,201,Created,Concurrency Thread Group-ThreadStarter 1-1,text,true,,532,431,5,5,https://qauto2.forstudy.space/api/cars,79,0,0
1663778134717,75,Remove Car,200,OK,Concurrency Thread Group-ThreadStarter 1-3,text,true,,335,369,5,5,https://qauto2.forstudy.space/api/cars/69554,75,0,0
1663778134740,70,Remove Car,200,OK,Concurrency Thread Group-ThreadStarter 1-4,text,true,,335,365,5,5,https://qauto2.forstudy.space/api/cars/69555,70,0,0
1663778134744,73,Remove Car,200,OK,Concurrency Thread Group-ThreadStarter 1-5,text,true,,335,365,5,5,https://qauto2.forstudy.space/api/cars/69556,73,0,0
1663778134756,68,Remove Car,200,OK,Concurrency Thread Group-ThreadStarter 1-2,text,true,,335,365,5,5,https://qauto2.forstudy.space/api/cars/69557,68,0,0
1663778134791,70,Remove Car,200,OK,Concurrency Thread Group-ThreadStarter 1-1,text,true,,335,371,5,5,https://qauto2.forstudy.space/api/cars/69558,70,0,0
1663778134797,275,POST Sign In JSON,429,Too Many Requests,Concurrency Thread Group-ThreadStarter 1-3,text,false,,485,468,5,5,https://qauto2.forstudy.space/api/auth/signin,275,0,209
1663778134813,267,POST Sign In JSON,429,Too Many Requests,Concurrency Thread Group-ThreadStarter 1-4,text,false,,485,464,5,5,https://qauto2.forstudy.space/api/auth/signin,267,0,208
1663778134821,267,POST Sign In JSON,429,Too Many Requests,Concurrency Thread Group-ThreadStarter 1-5,text,false,,485,464,5,5,https://qauto2.forstudy.space/api/auth/signin,267,0,207
1663778134828,272,POST Sign In JSON,429,Too Many Requests,Concurrency Thread Group-ThreadStarter 1-2,text,false,,485,464,5,5,https://qauto2.forstudy.space/api/auth/signin,272,0,212
1663778134863,261,POST Sign In JSON,429,Too Many Requests,Concurrency Thread Group-ThreadStarter 1-1,text,false,,485,470,5,5,https://qauto2.forstudy.space/api/auth/signin,261,0,199
1663778135375,74,Add car,201,Created,Concurrency Thread Group-ThreadStarter 1-3,text,true,,532,429,5,5,https://qauto2.forstudy.space/api/cars,74,0,0
1663778135382,86,Add car,201,Created,Concurrency Thread Group-ThreadStarter 1-4,text,true,,532,425,5,5,https://qauto2.forstudy.space/api/cars,86,0,0
1663778135390,91,Add car,201,Created,Concurrency Thread Group-ThreadStarter 1-5,text,true,,532,425,5,5,https://qauto2.forstudy.space/api/cars,91,0,0
1663778135402,84,Add car,201,Created,Concurrency Thread Group-ThreadStarter 1-2,text,true,,532,425,5,5,https://qauto2.forstudy.space/api/cars,84,0,0
1663778135426,77,Add car,201,Created,Concurrency Thread Group-ThreadStarter 1-1,text,true,,532,431,5,5,https://qauto2.forstudy.space/api/cars,77,0,0
1663778135450,78,Remove Car,200,OK,Concurrency Thread Group-ThreadStarter 1-3,text,true,,335,369,5,5,https://qauto2.forstudy.space/api/cars/69559,78,0,0
1663778135469,67,Remove Car,200,OK,Concurrency Thread Group-ThreadStarter 1-4,text,true,,335,365,5,5,https://qauto2.forstudy.space/api/cars/69560,67,0,0
1663778135482,65,Remove Car,200,OK,Concurrency Thread Group-ThreadStarter 1-5,text,true,,335,365,5,5,https://qauto2.forstudy.space/api/cars/69561,65,0,0
1663778135487,66,Remove Car,200,OK,Concurrency Thread Group-ThreadStarter 1-2,text,true,,335,365,5,5,https://qauto2.forstudy.space/api/cars/69562,65,0,0
1663778135505,83,Remove Car,200,OK,Concurrency Thread Group-ThreadStarter 1-1,text,true,,335,371,5,5,https://qauto2.forstudy.space/api/cars/69563,83,0,0
1663778135531,274,POST Sign In JSON,429,Too Many Requests,Concurrency Thread Group-ThreadStarter 1-3,text,false,,485,468,5,5,https://qauto2.forstudy.space/api/auth/signin,274,0,206
1663778135540,266,POST Sign In JSON,429,Too Many Requests,Concurrency Thread Group-ThreadStarter 1-4,text,false,,485,464,5,5,https://qauto2.forstudy.space/api/auth/signin,266,0,199
1663778135551,268,POST Sign In JSON,429,Too Many Requests,Concurrency Thread Group-ThreadStarter 1-5,text,false,,485,464,5,5,https://qauto2.forstudy.space/api/auth/signin,268,0,208
1663778135555,272,POST Sign In JSON,429,Too Many Requests,Concurrency Thread Group-ThreadStarter 1-2,text,false,,485,464,5,5,https://qauto2.forstudy.space/api/auth/signin,272,0,211
1663778135592,262,POST Sign In JSON,429,Too Many Requests,Concurrency Thread Group-ThreadStarter 1-1,text,false,,485,470,5,5,https://qauto2.forstudy.space/api/auth/signin,262,0,200
1663778136106,90,Add car,201,Created,Concurrency Thread Group-ThreadStarter 1-3,text,true,,532,429,5,5,https://qauto2.forstudy.space/api/cars,90,0,0
1663778136108,95,Add car,201,Created,Concurrency Thread Group-ThreadStarter 1-4,text,true,,532,425,5,5,https://qauto2.forstudy.space/api/cars,95,0,0
1663778136120,115,Add car,201,Created,Concurrency Thread Group-ThreadStarter 1-5,text,true,,532,425,5,5,https://qauto2.forstudy.space/api/cars,115,0,0
1663778136128,109,Add car,201,Created,Concurrency Thread Group-ThreadStarter 1-2,text,true,,532,425,5,5,https://qauto2.forstudy.space/api/cars,109,0,0
1663778136157,84,Add car,201,Created,Concurrency Thread Group-ThreadStarter 1-1,text,true,,532,431,5,5,https://qauto2.forstudy.space/api/cars,84,0,0
1663778136197,64,Remove Car,200,OK,Concurrency Thread Group-ThreadStarter 1-3,text,true,,335,369,5,5,https://qauto2.forstudy.space/api/cars/69564,64,0,0
1663778136205,63,Remove Car,200,OK,Concurrency Thread Group-ThreadStarter 1-4,text,true,,335,365,5,5,https://qauto2.forstudy.space/api/cars/69565,63,0,0
1663778136238,67,Remove Car,200,OK,Concurrency Thread Group-ThreadStarter 1-2,text,true,,335,365,5,5,https://qauto2.forstudy.space/api/cars/69567,67,0,0
1663778136236,77,Remove Car,200,OK,Concurrency Thread Group-ThreadStarter 1-5,text,true,,335,365,5,5,https://qauto2.forstudy.space/api/cars/69566,77,0,0
1663778136242,72,Remove Car,200,OK,Concurrency Thread Group-ThreadStarter 1-1,text,true,,335,371,5,5,https://qauto2.forstudy.space/api/cars/69568,72,0,0
1663778136265,272,POST Sign In JSON,429,Too Many Requests,Concurrency Thread Group-ThreadStarter 1-3,text,false,,485,468,5,5,https://qauto2.forstudy.space/api/auth/signin,272,0,204
1663778136272,270,POST Sign In JSON,429,Too Many Requests,Concurrency Thread Group-ThreadStarter 1-4,text,false,,485,464,5,5,https://qauto2.forstudy.space/api/auth/signin,270,0,198
1663778136307,261,POST Sign In JSON,429,Too Many Requests,Concurrency Thread Group-ThreadStarter 1-2,text,false,,485,464,5,5,https://qauto2.forstudy.space/api/auth/signin,261,0,200
1663778136316,272,POST Sign In JSON,429,Too Many Requests,Concurrency Thread Group-ThreadStarter 1-5,text,false,,485,464,5,5,https://qauto2.forstudy.space/api/auth/signin,272,0,209
1663778136317,276,POST Sign In JSON,429,Too Many Requests,Concurrency Thread Group-ThreadStarter 1-1,text,false,,485,470,5,5,https://qauto2.forstudy.space/api/auth/signin,276,0,209
1663778136838,76,Add car,201,Created,Concurrency Thread Group-ThreadStarter 1-3,text,true,,532,429,5,5,https://qauto2.forstudy.space/api/cars,76,0,0
1663778136843,80,Add car,201,Created,Concurrency Thread Group-ThreadStarter 1-4,text,true,,532,425,5,5,https://qauto2.forstudy.space/api/cars,80,0,0
1663778136870,73,Add car,201,Created,Concurrency Thread Group-ThreadStarter 1-2,text,true,,532,425,5,5,https://qauto2.forstudy.space/api/cars,73,0,0
1663778136891,76,Add car,201,Created,Concurrency Thread Group-ThreadStarter 1-5,text,true,,532,425,5,5,https://qauto2.forstudy.space/api/cars,76,0,0
1663778136895,79,Add car,201,Created,Concurrency Thread Group-ThreadStarter 1-1,text,true,,532,431,5,5,https://qauto2.forstudy.space/api/cars,79,0,0
1663778136916,66,Remove Car,200,OK,Concurrency Thread Group-ThreadStarter 1-3,text,true,,335,369,5,5,https://qauto2.forstudy.space/api/cars/69569,66,0,0
1663778136924,66,Remove Car,200,OK,Concurrency Thread Group-ThreadStarter 1-4,text,true,,335,365,5,5,https://qauto2.forstudy.space/api/cars/69570,66,0,0
1663778136944,66,Remove Car,200,OK,Concurrency Thread Group-ThreadStarter 1-2,text,true,,335,365,5,5,https://qauto2.forstudy.space/api/cars/69571,66,0,0
1663778136968,66,Remove Car,200,OK,Concurrency Thread Group-ThreadStarter 1-5,text,true,,335,365,5,5,https://qauto2.forstudy.space/api/cars/69572,66,0,0
1663778136976,67,Remove Car,200,OK,Concurrency Thread Group-ThreadStarter 1-1,text,true,,335,371,5,5,https://qauto2.forstudy.space/api/cars/69573,67,0,0
1663778136993,281,POST Sign In JSON,429,Too Many Requests,Concurrency Thread Group-ThreadStarter 1-4,text,false,,485,464,5,5,https://qauto2.forstudy.space/api/auth/signin,281,0,214
1663778136985,290,POST Sign In JSON,429,Too Many Requests,Concurrency Thread Group-ThreadStarter 1-3,text,false,,485,468,5,5,https://qauto2.forstudy.space/api/auth/signin,290,0,223
1663778137013,280,POST Sign In JSON,429,Too Many Requests,Concurrency Thread Group-ThreadStarter 1-2,text,false,,485,464,5,5,https://qauto2.forstudy.space/api/auth/signin,279,0,220
1663778137038,268,POST Sign In JSON,429,Too Many Requests,Concurrency Thread Group-ThreadStarter 1-5,text,false,,485,464,5,5,https://qauto2.forstudy.space/api/auth/signin,268,0,206
1663778137047,272,POST Sign In JSON,429,Too Many Requests,Concurrency Thread Group-ThreadStarter 1-1,text,false,,485,470,5,5,https://qauto2.forstudy.space/api/auth/signin,271,0,208
1663778137575,77,Add car,201,Created,Concurrency Thread Group-ThreadStarter 1-4,text,true,,532,425,5,5,https://qauto2.forstudy.space/api/cars,77,0,0
1663778137576,92,Add car,201,Created,Concurrency Thread Group-ThreadStarter 1-3,text,true,,532,429,5,5,https://qauto2.forstudy.space/api/cars,92,0,0
1663778137594,104,Add car,201,Created,Concurrency Thread Group-ThreadStarter 1-2,text,true,,532,425,5,5,https://qauto2.forstudy.space/api/cars,104,0,0
1663778137607,100,Add car,201,Created,Concurrency Thread Group-ThreadStarter 1-5,text,true,,532,425,5,5,https://qauto2.forstudy.space/api/cars,99,0,0
1663778137620,92,Add car,201,Created,Concurrency Thread Group-ThreadStarter 1-1,text,true,,532,431,5,5,https://qauto2.forstudy.space/api/cars,92,0,0
1663778137653,65,Remove Car,200,OK,Concurrency Thread Group-ThreadStarter 1-4,text,true,,335,365,5,5,https://qauto2.forstudy.space/api/cars/69574,65,0,0
1663778137670,63,Remove Car,200,OK,Concurrency Thread Group-ThreadStarter 1-3,text,true,,335,369,5,5,https://qauto2.forstudy.space/api/cars/69575,63,0,0
1663778137699,73,Remove Car,200,OK,Concurrency Thread Group-ThreadStarter 1-2,text,true,,335,365,5,5,https://qauto2.forstudy.space/api/cars/69576,72,0,0
1663778137708,75,Remove Car,200,OK,Concurrency Thread Group-ThreadStarter 1-5,text,true,,335,365,5,5,https://qauto2.forstudy.space/api/cars/69577,75,0,0
1663778137713,77,Remove Car,200,OK,Concurrency Thread Group-ThreadStarter 1-1,text,true,,335,371,5,5,https://qauto2.forstudy.space/api/cars/69578,77,0,0
1663778137722,2688,POST Sign In JSON,200,OK,Concurrency Thread Group-ThreadStarter 1-4,text,true,,668,464,5,5,https://qauto2.forstudy.space/api/auth/signin,2688,0,218
1663778137737,2694,POST Sign In JSON,200,OK,Concurrency Thread Group-ThreadStarter 1-3,text,true,,668,468,4,4,https://qauto2.forstudy.space/api/auth/signin,2694,0,205
1663778137775,2657,POST Sign In JSON,200,OK,Concurrency Thread Group-ThreadStarter 1-2,text,true,,668,464,3,3,https://qauto2.forstudy.space/api/auth/signin,2657,0,193
1663778137794,2644,POST Sign In JSON,200,OK,Concurrency Thread Group-ThreadStarter 1-1,text,true,,668,470,2,2,https://qauto2.forstudy.space/api/auth/signin,2644,0,202
1663778137786,2654,POST Sign In JSON,200,OK,Concurrency Thread Group-ThreadStarter 1-5,text,true,,668,464,1,1,https://qauto2.forstudy.space/api/auth/signin,2654,0,210
